Streams,Artist Followers,Tempo,Duration (ms)
48633449,3377762,134.002,211560
47248719,2230022,169.928,141806
40162559,6266514,166.928,178147
37799456,83293380,126.026,231041
33948454,5473565,149.995,212000
30071134,5473565,178.818,137876
29356736,8640063,110.968,208867
26951613,6080597,127.949,199604
25030128,36142273,179.951,206710
24551591,3377762,132.507,173347
23518010,27142474,102.977,203064
22405111,29051363,101.968,217773
22062812,37106176,124.925,187585
20294457,48504126,90.03,198082
19985713,37106176,109.997,164442
19480679,6266514,100.607,229227
18571755,6266514,180.917,215507
18053141,35305637,118.091,191014
17617965,2123734,172.031,261335
16908917,8640063,130.041,210560
16606925,151486,153.979,273474
16126897,8640063,124.097,174253
15684978,6266514,143.875,242013
15089184,1890510,80.87,238805
15011809,35305637,171.005,200040
14849078,6266514,168.924,175933
14809458,10502148,130.001,287120
14329162,33651775,129.915,184213
14273637,83689,122.98,169153
14174752,365975,149.996,132780
13963568,32574754,148.088,242096
13205250,22683756,110.108,164842
12818935,6266514,172.929,152667
12572307,16216789,80.015,195053
11996689,16112621,95.39,174000
11869336,,,
11683383,4840346,81.039,165926
11629418,8640063,128.986,186173
11553846,8758283,93.02,208631
11524288,36142273,109.928,205090
11477024,2936204,92.003,165275
11287301,6266514,163.929,173160
11283626,29051363,93.005,393280
11196819,37106176,114.044,199054
10739770,5785065,120.031,164000
10315460,3120157,124.111,183726
10222056,1274433,91.007,140533
10215216,375865,170.064,192353
10032746,6929075,97.99,349547
9841998,389076,102.931,122773
9799701,3126961,89.907,158087
9781153,45362,110.427,321556
9635619,47014200,85.016,195777
9600707,32178,128.012,345543
9428494,31541310,119.976,154983
9319465,495226,179.626,147062
9206366,409173,151.92,157176
9086979,6080597,83.876,212032
9048966,32262679,99.048,227395
9017356,12169108,117.003,169011
8977336,4787261,130.02,184635
8935418,291777,125.993,150053
8881356,6266514,123.999,143747
8843110,35305637,118.091,191014
8832945,1398563,89.087,198371
8821971,1250353,123.95,183290
8564775,116817,119.997,160880
8564017,6662605,124.053,240400
8514480,26769304,177.998,201181
8490162,8384096,109.891,182161
8269753,26131,139.928,153406
8133401,408696,80.511,123987
8102107,17775316,88.863,209160
8093413,2895789,128.05,231604
8006336,27116,123.028,241970
7975148,3377762,102.999,194787
7912399,1999954,83.97,160191
7735223,2043294,106.891,197333
7717211,31488,98.005,261667
7687058,2819593,98.027,209438
7642130,2230022,93.005,161385
7637626,56308172,136.006,192956
7516291,1042079,115.044,58149
7465445,1250353,115.982,258004
7452633,17719446,124.917,162803
7434252,207547,122.953,166028
7383369,207547,123.989,178088
7381585,18228,105.039,182857
7365053,203972,124.995,206629
7353795,287361,71.884,183624
7336542,151486,87.961,193636
7244853,67158068,144.015,172325
7156162,33651775,120.042,215280
7084292,1329531,144.955,144264
7064003,6341942,97.018,200785
6984262,1250353,126.986,131067
6858466,8640063,107.998,172627
6853994,1521837,90.021,168030
6825463,1427540,140.013,251733
6813800,8384096,111.881,215107
6799831,27142474,102.977,203064
6711375,3363988,180.104,203385
6709106,16074,180.003,280274
6699895,35285425,124.949,204347
6697067,411579,140.04,195429
6660319,32574754,145.837,217867
6653690,742692,121.955,176867
6635076,8758283,90.025,216510
6614072,10356559,111.898,158532
6584896,56699,167.933,151429
6569547,47014200,115.284,200186
6546948,1250353,89.911,158040
6539852,73211,109.075,171743
6502302,8640063,90.035,226987
6488622,21942793,124.01,189672
6469500,5420471,86.959,193221
6452492,83293380,95.977,233713
6317487,33879560,116.947,190960
6300416,1250353,139.98,170813
6278765,83293380,95.05,263400
6244011,282045,139.966,231708
6242863,36142273,81.993,203201
6180056,7593046,89.977,181733
6164795,3794081,102.078,198040
6152121,1647262,124.148,169266
6136340,20270895,125.983,176658
6089242,2421254,101.654,204280
6065267,13261089,116.761,301920
6040918,6266514,88.485,202827
6014443,6662605,85.012,260173
6012839,409173,150.006,147072
5952490,6430522,77.005,236883
5928329,32262679,91.05,189486
5914661,1838616,122.764,244360
5912784,64288,113.12,158594
5907750,4781906,128.945,241693
5848466,261225,106.52,226268
5847975,12969190,135.005,192725
5845156,17353707,166,156945
5769714,26769304,179.984,200482
5768653,14187747,92.047,198765
5756583,35888760,143.883,354320
5734402,6150675,168.021,232853
5693848,441674,124.114,167903
5691540,17719446,124.917,162803
5690260,432581,121.955,139563
5682062,10561047,122.959,176575
5672480,18572085,95.799,215733
5668576,159647,157.905,180380
5652272,15889,149.95,173038
5647568,12169108,122.017,257840
5628703,31151294,173.372,266773
5627257,205590,94.984,173053
5618268,409173,147.962,239928
5607285,20270895,124.08,247427
5594505,77034,154.027,225672
5576844,1250353,107.994,235556
5570735,6837946,83.995,160000
5566150,1687399,115.01,248827
5493760,7593046,119.987,159083
5478055,7593046,139.949,112547
5477563,19085118,83.903,239836
5467753,3553442,104.949,205458
5453159,,,
5436286,1250353,135.128,194088
5434073,11477164,159.702,141050
5431375,6837946,125.971,190476
5420003,6266514,168.884,163587
5386268,17353707,133.073,187541
5382191,6118063,148.017,222587
5379704,4339245,117.401,253920
5378971,6930669,120.151,257800
5375426,8441598,85.043,211467
5366242,1304510,110.095,209476
5315734,6837946,145.043,203586
5245618,6837946,99.865,184800
5238547,924083,144.026,173333
5235335,8148393,80.953,163733
5204983,35888760,109.975,214653
5178490,56308172,103.967,173987
5166847,16112621,99.048,207133
5145493,180723,124.026,161613
5145432,304995,80.018,161853
5104206,6080597,102.101,164706
5103014,5799137,119.93,269560
5098609,4840346,93.924,132833
5092354,6837946,142.094,216387
5090062,1254432,94.018,155884
5068864,35305637,113.003,242253
5065132,5881963,121.002,279204
5063181,8148393,103.948,176800
5016125,36142273,132.037,209771
5002227,67158068,140.048,178627
4992405,167628,93.421,161684
4978559,130627,83.406,140308
4977498,151832,122.031,166794
4973937,1909059,77.249,186121
4954899,6603627,98.54,174682
4950275,1427540,117.078,182285
4948965,46785561,104.504,284200
8859168,6837946,143.971,215000
7371935,6837946,99.772,156000
6464206,6430522,187.815,181714
6238351,6837946,145.396,120828
6161664,6837946,135.921,123549
5883145,2008516,87.188,193733
5822266,6837946,78.082,249231
5702636,6837946,143.044,208112
5696113,6777818,142.347,121573
5627519,208554,91.996,138533
5383125,323203,141.02,278085
5335271,6837946,71.696,150449
5288927,2123734,171.959,182496
5242097,127364,169.941,220235
5235088,152226,117.948,157606
5203319,1250353,75.051,212496
5173308,5178156,122.008,249080
5150909,35285425,93.989,244005
5116589,2586114,124.993,276480
5110475,411579,134.997,224042
5097187,35285425,124.912,175644
6318660,27142474,134.01,165507
6142975,37106176,81.068,207481
6111108,8758283,93.02,208631
5588217,28909504,149.903,186088
5454994,386757,128.012,204434
5435614,6266514,77.253,209560
5269757,1097789,164.819,148228
5259503,9987114,97.097,210573
5186354,151870,81.026,229601
5173178,3507622,113.326,153338
5068677,2166191,172.024,202307
5041120,608109,164.081,172973
5036030,26769304,100.004,241659
4975786,6080597,179.879,208292
4954679,18191658,95.01,244960
4938180,6475631,174.323,258773
6731106,1724414,89.982,301304
5912293,8640063,77.014,188893
5876058,98503,167.977,254467
5392334,6777818,142.034,146419
5347263,1042079,127.047,302951
5321544,6278835,150.062,236524
5258628,17202,125.994,175238
5234112,8083566,87.971,192621
5135380,47014200,129.642,245897
5029898,558345,95.939,155363
5013017,180454,140.201,123263
5011753,1097789,171.966,140942
5005018,15770302,127.99,169333
4992345,1275345,89.99,210960
4980155,6080597,175.946,231595
4973063,384097,147.897,166216
4965913,3126961,117.496,164896
4938586,12369079,85.03,272394
11756283,6777818,170.691,138312
11380679,6777818,137.131,130980
9889197,6777818,173.456,155293
9503981,6777818,97.672,146482
9142721,6777818,140.223,588139
8884283,6777818,127.596,88625
8218423,6777818,157.181,223719
7917707,6777818,115.852,229565
6988886,6777818,92.463,175123
6503281,8640063,91.942,138293
6268542,6777818,78.958,515865
6034281,6777818,108.07,203588
5527865,8640063,111.076,223560
5424579,11690201,125.983,278191
5393789,8640063,168.995,212947
5362817,8640063,99.008,177373
5341887,1650683,184.339,175924
5203364,29051363,168.169,232253
5108950,100604,150.076,171375
6893939,29051363,93.005,393280
6308369,278679,100.07,186133
5666770,1647262,106.974,210220
5511544,289437,133.888,189933
5430260,14097410,88.967,218210
5246577,14097410,140.021,218802
5220422,29539807,134.021,119133
5189427,4840346,155.057,168729
5145099,6603627,116.971,196653
5124606,140812,119.932,116750
5085147,2562082,146.078,258343
5079587,1250353,115.884,190779
5048079,3864419,124.939,139461
5043647,32574754,109.012,220733
4975720,17719446,76.469,175721
4971176,27142474,113.011,221820
4916860,56308172,133.976,261493
4912036,14917926,119.933,217000
4911162,319192,97.041,218107
4910070,19584111,105.143,216880
4904401,14097410,100.45,292987
4898977,17719446,155.008,312820
4862683,18191658,103.019,247160
4846549,152226,106.064,233386
7615531,11690201,135.976,255532
7506580,4840346,145.05,178776
6989528,4840346,168.146,190509
6410263,32262679,142.989,172598
6323268,11690201,126.063,206272
5470147,3911473,116.001,174760
5456648,11690201,155.038,248652
5395181,5963840,124.025,222523
5335308,4840346,140.369,165405
5322745,11690201,134.944,241790
5265630,1250353,94.009,174321
5242347,36142273,92.025,130014
5155238,2753929,94.998,159147
5142982,1250353,178.032,211295
5125477,5473565,174.065,168276
5119845,4840346,78.43,137692
5041656,18572085,123.056,182200
7324233,7805880,133.997,257428
6439718,5178156,93.007,187307
6249801,7805880,133.997,257428
6040553,4136553,104.973,202204
5645966,14097410,65.988,148421
5552212,4016497,82.465,168727
5347781,61930,125.987,215693
5300884,7904381,92.03,216107
5298893,16112621,139.863,208907
5241813,3377762,162.124,300413
5201714,1250353,163.908,178947
5113574,1246335,105.012,178405
5404939,46785561,99.01,236666
5378350,10334543,129.988,150462
5372180,19085118,161.989,165820
5368759,19085118,78.452,196147
5266625,37106176,119.991,229773
5207186,74814,129.96,125558
5143522,46785561,165.995,210800
5085511,3816446,99.034,162547
5068972,2263960,129.062,244973
5063015,48504126,86.919,212093
5051514,448447,92.464,155676
7880155,14097410,98.962,133022
7450126,37106176,109.893,162147
7198095,37106176,164.032,214621
6935400,75496,135.379,176816
6634722,20823062,96.966,175044
6628638,20823062,113.06,172232
6333126,14097410,71.724,196946
6299936,22161310,74.861,339506
6277641,121225,98.01,177790
6237019,107553,116.431,172675
5738325,2379448,140.057,172359
5393643,14097410,89.812,266291
5335112,56308172,129.895,178154
5282702,1725025,106.196,218448
5252767,618444,80.974,147351
5174437,32257,123.466,183707
5174298,3553442,118,144349
5156496,727731,117.904,174936
5152139,169137,123.038,166000
5150176,20823062,142.009,223066
15967986,14097410,83.092,177337
15171655,14097410,125.092,163302
14051831,14097410,94.104,112579
12648655,14097410,81.446,306257
11647489,14097410,94.983,238972
10712648,14097410,140.021,218802
6081034,2230022,92.56,161385
5595839,3126961,133.028,177443
5518444,2123734,175.996,324426
5375782,2918229,158.024,154667
5294368,16112621,110.011,240133
5278449,6150675,95.007,195066
5218146,22718,100.021,289933
5215973,1250353,89.988,184507
5191697,48504126,79.859,149297
5165035,1275345,78.953,243773
5127736,280585,75.801,208687
7347891,6278835,124.036,165366
5831357,323203,141.02,278085
5448680,1250353,120.006,245426
5346005,1605329,129.987,217609
5290877,3126961,87.913,192348
5264232,5473565,151.947,154998
5258000,942628,91.921,170345
5241227,10488292,142.037,237735
5203700,1223734,129.964,174021
5125706,19085118,149.972,194621
5103863,14826679,170.089,197647
5088848,1260752,128.048,175047
5062404,10561047,167.897,179005
5037124,19085118,144.991,205485
5024884,19085118,159.966,240051
5018076,15013645,157.932,157355
5018005,85617,97.753,80081
7939784,279741,80.462,225020
6325080,3864419,95.906,188779
6127103,6278835,163.071,200221
6083338,6278835,129.06,165527
5768836,10740222,139.982,195429
5655879,1094731,188.7,168086
5480722,42227614,135.942,277592
5467596,1250353,124.011,199931
5377794,29051363,94.036,228920
5200695,20331923,144.978,204632
5198209,423237,146.933,184490
5107084,3553442,120.031,232048
5026961,6929075,99.999,213314
5896065,48544923,99.928,174406
5531998,4138951,135.859,214094
5496962,17719446,124.917,162803
5181180,100463,91.066,210463
5141640,1585593,160.984,196380
5081800,8446147,77.355,208827
5069268,33893352,145.765,178994
5054319,35340069,100.021,237520
5051338,29566516,75.023,166606
4998044,130801,89.962,182121
4992396,4270131,129.992,188344
4945935,32603394,72.795,213827
4940701,1250353,115.977,265240
4913147,20823062,169.977,202333
7753784,61930,123.016,152333
7515766,61930,74.017,242600
6202933,42227614,119.054,235767
5380517,9907270,163.946,155210
5159208,4271775,171.977,147876
5016865,42227614,81.112,214707
4976405,12375514,92.004,161124
4965330,1250353,110.184,185487
4959754,29051363,176.089,242573
9872084,42227614,130.033,231124
9676024,42227614,100.118,241592
8638360,2815928,95.027,217587
7852063,42227614,95.466,294419
7736262,42227614,161.032,243137
7712896,42227614,142.731,220839
7385864,42227614,115.99,254255
7039222,42227614,185.262,234516
6566059,42227614,128.03,225328
6508683,42227614,148.035,263377
5988511,2815928,90.991,214440
5889939,42227614,90.201,189496
5885151,42227614,100.023,200576
5860405,42227614,133.873,261843
5217052,1250353,100.978,183240
5206614,8758283,171.943,247308
5197564,42227614,101.934,208609
5189423,42227614,106.007,244237
5172999,3198705,94.927,206360
5836326,20338833,75.245,243992
5427638,1099480,79.936,207164
5413003,122746,126.904,194890
5323062,6852509,130.97,190534
5269163,4026643,169.732,229827
5176493,9778632,112.985,190306
5137645,48544923,99.757,158324
5094660,67208170,178.765,228482
5086382,2110870,95.975,181680
5078174,342930,160.013,190680
5060336,301217,78.4,330040
5052717,32279979,110.028,231387
5013450,48544923,153.96,153190
5004111,48544923,90.674,156468
4972518,1053324,145.013,227478
4969662,1560784,84.412,225280
4967348,10580764,129.972,198707
6292362,,,
6007541,29067437,175.826,157320
5837372,48544923,89.934,187239
5794583,48544923,119.59,152796
5510113,17792779,101.085,200960
5466954,29238936,168.022,230693
5419040,48544923,101.04,159250
5410730,203555,125.706,189000
5365747,56327031,94.966,383037
5356696,342930,160.013,190680
5326719,9778632,98.013,192921
5323412,48544923,135.031,198426
5302285,35340069,186.003,230453
5255393,10510156,91.97,180520
5211351,435936,110.013,173227
10024729,48544923,127.138,186696
8912458,48544923,129.964,220920
5796978,13697048,122.792,333710
5528508,14831925,82.042,211130
5418816,13697048,201.025,271177
5312876,26769304,83.897,248345
5249427,10580764,170.002,163320
5189822,10580764,87.977,187427
5098581,713486,99.112,131272
5082870,2897862,92.028,202373
6426522,28931149,182.003,184134
6155698,2010879,122.012,181720
6020785,7408249,110.971,168649
5454807,20528724,104.957,165907
5439646,3868320,88.972,137747
5198514,1650912,90.013,219048
5156937,2786366,183.933,190218
5103528,8671649,110.962,237893
5085527,29566516,146.04,110886
5084635,5064200,116.879,216320
5079857,35340069,92.987,269187
5068349,6852509,179.798,213333
5054881,419151,74.988,219801
5052557,1643882,139.991,344571
5023592,23848461,130.032,182956
5013851,5831194,116.919,234852
5510906,1251372,112.602,211411
5462333,6852509,148.014,171892
5393459,19102888,140.061,206734
5321946,568711,89.826,222667
5232377,18306226,93.985,206587
5208787,2161609,134.041,187362
5170861,7816213,140.005,192804
5168240,786461,103.013,155825
5093408,432511,124.962,156960
5073657,7535054,93.099,142000
5060903,1027085,120.041,218107
5044929,3799104,108.045,185773
7464020,33663701,98.036,241360
6591829,67208170,115.036,122174
5874460,1453875,83.97,198493
5440707,2238190,142.592,126521
5145966,2897862,83.943,185840
5124742,621200,116.735,163636
5115990,33663701,159.801,218147
5079580,1453875,127.938,167867
5016283,15663384,136.041,201661
4995965,36177712,113.903,156430
4994138,48544923,147.986,212867
4982892,2722638,112.997,188387
4974880,83337783,107.989,258987
6162453,,,
5936752,961181,116.963,195734
5897983,5831194,128.111,243750
5535339,1251372,139.898,172693
5497942,3689546,105.918,177500
5168107,1053324,123.066,156498
5116325,251549,123.978,227186
5059891,9778632,123.055,153865
5053713,2820477,124.988,178157
5004462,29238936,166.039,224187
4986037,67208170,116.965,167990
4984399,83337783,101.956,219947
5344862,1251372,179.997,189840
5232509,3134041,94.059,171215
5163323,26784251,179.984,200482
5120753,6096559,96.988,222680
5044252,1200248,150.06,237900
5003825,29566516,128.009,135090
4995623,83337783,78.998,281560
4966878,56327031,81.618,247059
4929647,35340069,119.829,277680
4908929,132855,112.05,176547
4902737,6478565,174.323,258773
4847224,29566516,129.953,95467
6011642,19102888,81.535,157355
5963380,47061119,135.154,203464
5579697,20528724,104.914,177801
5479407,35340069,107.949,213520
5342938,804613,103.116,169632
5233359,35340069,134.17,228373
5208100,15778531,110,223279
5197587,14921269,114.978,144391
5092250,3912138,170.527,228147
5072462,26784251,173.961,176970
5046418,444736,140.02,125143
4995578,35340069,170.062,198267
4906738,67208170,131.798,201882
4900492,1692635,126.684,196373
4884711,4794212,130.058,137984
4873380,149682,97.054,197587
5487774,197320,156.013,125720
5136895,1726216,163.924,214693
5071718,16655692,96.855,163127
5052801,6313514,77.599,177323
5030670,1248499,121.876,146523
4948563,2147875,196,178520
4942545,2127531,176.007,345241
5929507,18306226,93.985,206587
5427534,114348,84.974,182199
5332437,2147875,136.97,161773
5186567,28931149,163.882,155956
4962949,1053324,108.025,168906
4931163,17097317,104.181,213869
4914093,211500,119.993,180139
4864544,6096559,176.037,190101
4848954,42227614,171.319,244000
4833081,14073083,94.148,176960
5942551,19102888,149.992,158033
5119828,8153871,128.031,188581
4983557,1251372,160.064,150260
4915403,41551,110.003,187000
4855690,3916979,129.857,162399
4796365,23848461,127.97,194765
4790233,29238936,168.084,217547
5622565,411262,133.928,115200
5446609,2147875,69.877,202133
5160123,2147875,88.003,190680
5064504,2147875,203.903,210507
4935633,36177712,169.934,217769
4906324,8766508,94.053,216747
4892682,6852509,99.7,201600
4879971,2147875,126.019,216573
4860714,2147875,115.058,156747
4815342,4281787,168.096,166838
4812765,23848461,159.972,177813
4790427,31552500,93.995,172762
4769618,27167675,114.999,156911
5317174,1674348,100.119,201501
4986214,42227614,79.015,215627
4858392,724903,112.022,158571
4848222,14122,138.023,173913
4655272,31552500,100.015,214290
4630572,35910149,156.271,209413
4606011,29067437,94.018,205933
4580123,4281787,168.008,182977
4540781,5002317,90.494,193293
4516053,441714,123.935,168387
4504304,9998991,150.084,205493
4488125,1777797,84.98,105176
23235257,6931357,150.273,241107
20709328,1631876,107.682,262960
16657592,67208170,191.9,204093
16613649,222627,67.196,126267
16527404,20637,119.705,130973
15424001,4702232,94.775,206640
14582001,369548,201.629,151933
12266990,7869617,159.878,229640
11664490,239129,148.837,182067
10884855,1139096,134.009,117147
10787165,4953667,142.169,155453
10609206,48544923,161.993,182947
10508459,1251372,91.751,181267
10476212,4883,115.412,222533
9882989,3609658,94.736,227653
9852792,4702232,151.251,119787
9509781,4313100,146.172,214333
8804531,,,
8478518,1634288,78.696,192160
7045348,359973,130.503,177480
6912271,4958353,140.028,164591
6716353,58479,140.467,135533
6404964,382997,78.111,272467
6052105,99249,202.899,220160
6007011,5698788,94.518,129173
5802508,1251372,151.925,162897
5801639,1251372,146.861,144080
5687085,1324920,87.101,202547
5422082,336373,112.874,155933
5394054,1251372,126.627,166453
5353591,7504724,140.308,272394
5209372,5002317,143.896,174960
5191001,1293055,160.061,186533
5152906,15019109,117.399,164459
10522305,1549216,128.706,126360
10509961,,,
10455065,31161671,132.062,268521
9548924,17097317,75.248,170964
9474711,20528724,92.986,205267
9457199,9470311,147.08,255400
9270017,1298537,113.998,173560
9167304,5436999,146.035,200880
8813922,3916979,118.078,169245
8696354,4805333,93,156773
8614955,46814751,140.945,224656
8387899,1251372,102.103,86760
8177832,4702232,122.331,171093
8160534,353571,113.401,166147
8115520,42227614,145.916,229840
8064361,1151360,128.897,181267
8022773,127251,84.485,206067
7993078,1024868,46.718,85267
7901968,42227614,112.05,185320
7792643,1251372,83.506,148147
7536851,33893352,83.608,196254
7367482,1139096,130.036,143733
7363913,4224071,139.986,267600
7350024,2877234,112.986,239587
7301381,1251372,130.594,118840
7299201,8037861,81.966,154747
7281773,10606572,84.796,219653
7227612,1139096,136.471,135760
7225080,4953667,110.378,136427
7182262,4953667,174.609,120693
7170169,6931357,78.496,200467
7149158,359973,101.529,165667
6985392,3083825,89.918,268960
6809438,424935,93.047,231173
6680928,659472,126.011,149307
6657404,42227614,134.002,228027
6652130,18936929,137.494,182521
6635128,1564750,104.999,255307
6635109,42227614,74.952,245440
6400108,6896776,183.18,177440
6278993,10606572,179.967,161013
16213589,42227614,122.079,315147
14519547,42227614,88.856,260440
14392788,42227614,119.966,225880
14385703,42227614,107.895,275320
13810722,42227614,125.177,304107
13583538,42227614,157.895,215920
12782098,42227614,127.967,275040
12234761,42227614,96.103,257773
11245393,42227614,151.884,180653
10561183,5002317,165.945,216560
8901697,5002317,172.995,199787
7655623,5002317,152.058,242267
7524738,5002317,123.105,148707
7117347,5002317,130.036,201093
6865689,5002317,158.073,176027
6763705,5002317,142.04,150853
6388079,36177712,123.013,191526
6108393,5002317,133.971,37013
6068816,5002317,142.017,325413
5845457,42227614,130.033,239560
9325928,19102888,76.017,183783
7932101,33893352,98.991,202357
6653913,35340069,170.903,216123
6567755,3828418,145.013,227478
6204228,36177712,126.054,139576
5929516,7816213,139.995,210699
5884221,15778531,121.981,196453
5698275,37151476,121.953,254950
5436450,133998,113.968,136839
5390363,36177712,96.172,295177
5375449,36177712,90.019,162299
5370330,2238190,73.779,181688
5364223,181236,133.928,215280
5314734,1276406,90.988,192745
12914431,36177712,145.001,162151
12660806,36177712,133.037,213609
12507010,36177712,76.993,165199
11298839,36177712,139.988,221187
11066606,36177712,191.911,163053
10957181,36177712,171.918,151506
10733416,36177712,90.872,157673
9624871,3609658,94.736,227653
8413330,37151476,114.91,222243
7703744,37151476,104.994,202313
7165808,37151476,101.085,239722
7010227,37151476,125.904,204800
6006877,15778531,115.016,213672
5842320,36177712,118.671,199720
5816739,15778531,175.984,205733
5463964,2435159,92.988,227520
8392247,37151476,114.822,179548
7276896,4430628,99.984,193555
6241923,4431309,101.022,178374
6152821,8123757,124.889,171360
5504912,4430628,120.046,230389
5362508,247480,124.009,342613
5358940,,,
5263469,4430628,131.988,192965
5203423,2953525,98.031,166851
5196635,2238190,167.827,151705
5164187,19102888,158.831,196180
5039047,23848461,152.045,201122
4995203,100635,149.836,184905
4988571,11034144,76.899,484147
4920218,4430628,137.973,191869
4914682,9949044,143.01,195906
4911995,1963296,120.023,178000
4911749,2334615,89.991,167693
4907925,260236,122.074,203145
4899440,7909963,143.86,191945
4878286,150587,130.022,147800
7292247,10491105,151.951,213520
5929062,3509653,86.97,191406
5602168,1245965,142.018,217088
5561227,6096559,90.086,185719
5445204,10491105,144.081,274313
5361669,213344,127.954,161668
5308945,67208170,88.332,239949
5303146,3866304,99.993,143375
5201322,9398941,119.965,213693
5158896,689627,149.967,172245
5151014,10491105,123.043,228796
5083648,2688557,114.328,242293
5043665,6281829,85.84,218902
4980571,67208170,128.006,149900
4926802,1685215,89.643,153294
4899099,18306226,174.021,246000
4872409,661863,118.917,179080
4863053,486194,129.966,170233
4746415,5371000,151.964,232533
4739241,,,
4732343,4759367,88.964,209274
4731423,23936368,105.027,275893
4721082,47061119,104.89,210005
4713873,3152313,173.905,174027
5798744,67208170,161.884,208457
5282490,67208170,127.698,157710
5249342,67208170,127.894,200733
5226940,2238190,82.363,153147
5220504,3198705,117.007,206760
5064484,26784251,170.081,198570
5033798,29238936,168.045,233160
4951481,9949044,172.08,193839
4924030,6852509,88.834,164580
4896521,67208170,92.013,158436
4865084,67208170,159.852,146959
4813796,83337783,92.977,197867
4787127,10580764,178.032,211613
4784580,1606884,162.948,167916
4773792,1251372,172.277,151147
10941573,67208170,120.109,183874
9399230,67208170,110.034,179861
9397167,67208170,87.865,132279
5605234,19345579,118.427,358053
5229835,17097317,102.998,171030
5226264,1683006,181.942,168991
5103194,17097317,128.044,207528
5096618,20110171,115.728,208400
4914412,10741972,110.075,180788
4904772,345027,126.03,182857
4825749,8766508,171.943,247308
4821213,17732077,154.981,202795
6846771,23848461,111.712,161168
5547002,8673345,160.048,199758
5079328,67208170,106.966,207320
5016343,5966748,105.013,249143
5010179,4442273,82.96,146375
4980744,1251372,103.072,159863
4941592,179193,129.979,165978
4817969,2172969,91.985,219202
4765198,2819406,74.897,252733
4745568,10925614,123.97,179867
4709053,7593792,147.988,199549
4703672,28335338,135.187,285240
4674658,1758300,95.971,212607
5183246,68875,99.954,144000
5125708,23848461,162.225,171798
5116071,4894656,82.011,214363
5112572,249910,142.948,356347
5056387,23848461,115.002,163946
4870203,6569150,98.05,175873
4752289,4769627,94.634,129371
4705484,10580764,144.511,188213
4680447,36177712,97.014,172127
4665053,13697048,66.932,200661
4652712,3337982,145.115,197760
4607003,6096559,171.965,197721
4598766,891555,72.541,156106
4560503,8388838,111.202,220492
5304382,23848461,144.497,229236
5089970,638337,128.977,223480
4947593,9949044,130.029,193591
4933462,16655692,84.295,174517
4751756,3868320,99.975,171621
4751064,352402,129.63,153078
4727923,613348,167.969,333800
4641393,14073083,92.928,260640
9129562,9949044,97.974,190331
8675173,9949044,77.594,201856
8243488,9949044,152.891,185037
7762934,5019909,92.819,198822
6029118,9949044,140.105,181716
5846760,9949044,145.953,187773
5841110,9949044,155.023,202420
5550390,412466,140.045,181496
5233336,4759367,117.98,163759
5154955,9949044,178.043,194214
5109038,25417,120.003,159955
4915080,9949044,183.016,214192
4853661,9949044,89.484,140833
7471309,4759367,126.576,214558
6936305,4759367,114.078,207710
6819838,4759367,163.944,163906
6292620,4849204,175.929,177273
6032935,3868320,160.057,205159
6013371,4759367,132.008,207265
5547939,4759367,80.53,132215
5482390,4759367,167.788,180019
5463424,2396662,136.029,180161
5220309,1255573,100.036,139413
5141212,4759367,156.049,156759
4977405,4759367,83.5,194871
4964708,,,
4867620,21946934,178.043,210795
4851997,19102888,90.003,160212
4834258,3868320,90.024,143901
4761286,134339,99.994,212406
4745752,3828418,145.013,227478
4632724,17931101,71.994,386907
4628159,412466,147.912,174730
5329256,3008916,125.926,215093
5178107,152237,118.961,176767
5151406,4849204,176.027,163798
5101640,3071170,137.997,201333
5094137,3071170,104.106,315640
4924533,42227614,75.602,285634
4819362,19102888,142.948,242181
4805366,19102888,159.93,181661
4800543,4022792,88.502,179813
4799038,56327031,122.947,220488
4690955,6514102,178.462,132303
4599807,27167675,146.967,193829
4569978,7593792,119.961,199008
4526982,3916979,184.021,180348
4502853,3916979,133.002,187436
5698099,29238936,109.976,214507
5049863,5888533,120.074,202008
4957966,32279979,93.676,211254
4938139,3263283,149.978,230400
4898520,1683006,104.875,182931
4877753,2168452,103.994,259600
4776686,7816213,135.14,181929
4723116,1683006,109.019,185330
4652583,15778531,137.941,248587
4620838,8671649,125.989,134240
4602336,328877,77.052,196363
4598325,38111,120.03,186878
4568308,28335112,84.459,242001
5949270,8673345,152.028,199250
5117128,1255573,100.032,253569
4982232,2384076,101.027,177728
4876238,17732077,79.903,185851
4737291,26784251,163.781,193700
4668193,2786366,124.002,175016
4642057,1245965,149.981,162600
4615520,1555628,100.009,168507
4593366,177972,112.011,210000
4587573,42227614,139.883,210252
4585895,5966748,104.994,221714
4572706,166517,126.039,233905
4538382,7593792,105.023,208156
5306994,18936929,125.957,159286
4624448,67074,95.114,210329
4609169,1492551,151.016,168477
4597001,437907,139.864,157712
4575403,2919696,175.937,212011
4564331,18306226,93.064,212312
4556900,18585963,120.006,157707
4547965,2203386,118.004,235988
4514763,19102888,180.051,189323
4501441,2897862,112.953,201000
11373347,412466,140.04,195429
5440253,4093115,96.852,151360
5391018,37151476,105.936,246381
4887204,17097317,143.783,179917
4883202,19102888,143.078,202193
4702117,1251372,83.982,233000
4685894,961181,98.995,170200
4586236,42227614,89.937,261923
4561189,4272745,82.992,186468
4436934,881797,97.008,180435
4405338,37151476,129.017,243267
4391666,6167871,150.953,242187
4390823,7744095,120.274,203418
4389670,42227614,147.922,230999
5254969,27167675,116.029,250280
5111416,42227614,129.86,255894
4737306,2203386,117.967,167147
4664281,4849204,164.009,163902
4488631,46992,62.948,167917
4480780,328877,146.95,248937
4472669,27167675,122.053,208505
4466143,6096559,84.041,217143
4462411,9778632,100.037,111852
4449437,2953525,92.989,147076
4439790,36369,123.062,190488
4424118,42227614,83.433,252881
4392936,7593792,103.952,228267
4380308,117894,88.064,187500
4371370,6608815,84.005,173288
4351784,33663701,99.96,149547
5564072,42227614,110.107,208978
5459423,42227614,94.926,208907
5128412,42227614,135.886,195097
5112180,42227614,95.939,294521
5074613,7601122,162.973,153467
5053658,42227614,119.845,190898
4736059,8671649,116.912,284480
4625985,6514102,97.961,115255
4599408,1674348,154.007,196213
4522005,141016,127.96,153149
4510218,4794212,168.983,155497
6796343,42227614,141.916,237258
6085522,42227614,94.219,289749
5943851,42227614,150.044,234000
5768616,3037935,144.018,144973
5752169,1674348,130.009,152013
5674945,1683006,109.075,180950
5534361,10491105,148.949,186843
5375944,42227614,118.819,220043
4978899,19102888,117.943,154767
4828004,3372385,159.999,240297
4695091,29067437,122.728,157733
4661170,1779640,112.987,178407
4588064,6096559,96.988,222680
4583475,3866304,111.052,231618
4561936,29067437,97.002,200667
4476954,1251372,144.833,200387
8293983,14103694,139.964,210587
5600868,4093115,84.029,189686
5056986,2238190,149.881,195268
5047752,19102888,76.968,168685
4966428,22536304,124.99,199987
4823401,1700759,157.005,183839
4798078,19102888,127.984,180129
4761155,19102888,138.034,186749